Keyword,Original_Count,Modified_Count
thermo fisher flow cytometry panel builder,0,0
biopharma industry,0,0
biopharma research,0,0
drug development,11,4
pharmaceutical drug development,0,0
biopharma,89,30
biopharma products,0,0
thermo fisher bioproduction,0,0
drug discovery services,8,2
genome editing technologies,0,0
drug development solutions,0,0
lab construction,6,3
biopharmaceutical development,0,0
clinical drug development process,0,0
cell therapy,8,2
bioprocessing,8,2
biopharma solutions,0,0
lab setup,0,0
bioproduction,6,2
clinical drug development,3,2
monoclonal antibody therapy,0,0
cell and gene therapies,0,0
thermo fisher cell therapy,0,0
monoclonal antibody development,0,0
biotech solutions,0,0
biopharma development,0,0
thermo fisher scientific india,0,0
lims solutions,8,2
biopharmaceutical production,0,0
crispr genome engineering,0,0
flow cytometry panel builder,8,2
advanced cell therapy,0,0
flow cytometry software,0,0
cell therapy products,0,0
laboratory construction,0,0
laboratory information management system,0,0
biopharma process development,3,1
mrna therapies,8,2
biotech manufacturing,0,0
clinical research services,0,0
genome therapy,0,0
crispr genome editing tools,8,2
thermo fisher scientific,6,4
lims software solutions,0,0
biopharmaceutical solutions,0,0
therapeutic proteins,0,0
biopharma manufacturing solutions,0,0
thermo fisher,8,4
mrna treatments,0,0
gene therapy solutions,0,0
therapeutic antibodies,0,0
